,open,high,low,close,adj close,volume
2019-01-02,128.99,137.51,128.56,135.68,135.68,28146193.0
2019-01-03,134.69,137.17,131.12,131.74,131.74,22717948.0
2019-01-04,134.01,138.0,133.75,137.95,137.95,29002059.0
2019-01-07,137.56,138.87,135.91,138.05,138.05,20089337.0
2019-01-08,139.89,143.14,139.54,142.53,142.53,26263793.0
2019-01-09,142.95,144.7,141.27,144.23,144.23,22205879.0
2019-01-10,143.08,144.56,140.84,144.2,144.2,16125004.0
2019-01-11,143.15,145.36,142.57,143.8,143.8,12908031.0
2019-01-14,142.0,146.57,141.27,145.39,145.39,20520278.0
2019-01-15,146.01,150.68,145.99,148.95,148.95,24068822.0
2019-01-16,149.0,149.65,147.0,147.54,147.54,18025714.0
2019-01-17,146.95,149.0,146.5,148.3,148.3,15787914.0
2019-01-18,149.75,152.43,148.55,150.04,150.04,31029612.0
2019-01-22,149.2,151.53,146.37,147.57,147.57,22378694.0
2019-01-23,148.28,148.8,143.06,144.3,144.3,20098415.0
2019-01-24,144.64,146.44,142.52,145.83,145.83,20955518.0
2019-01-25,147.48,149.83,146.54,149.01,149.01,22250954.0
2019-01-28,148.05,148.96,146.21,147.47,147.47,15508483.0
2019-01-29,148.09,148.1,143.43,144.19,144.19,17631953.0
2019-01-30,146.22,150.95,145.7,150.42,150.42,44613240.0
2019-01-31,165.6,171.68,165.0,166.69,166.69,77233602.0
2019-02-01,165.84,169.1,165.66,165.71,165.71,30806513.0
2019-02-04,165.7,169.3,163.62,169.25,169.25,20036470.0
2019-02-05,169.15,171.98,168.69,171.16,171.16,22556985.0
2019-02-06,171.2,172.47,169.27,170.49,170.49,13281161.0
2019-02-07,168.2,169.24,165.25,166.38,166.38,17517609.0
2019-02-08,164.47,167.37,164.21,167.33,167.33,12561422.0
2019-02-11,167.9,168.3,165.08,165.79,165.79,12811176.0
2019-02-12,166.86,168.34,164.5,165.04,165.04,16292290.0
2019-02-13,165.38,166.22,163.73,164.07,164.07,14205146.0
2019-02-14,163.19,164.87,162.25,163.95,163.95,12755151.0
2019-02-15,164.51,164.7,160.86,162.5,162.5,15504415.0
2019-02-19,160.5,164.15,160.33,162.29,162.29,14345390.0
2019-02-20,162.25,163.72,161.25,162.56,162.56,11770692.0
2019-02-21,161.93,162.24,159.59,160.04,160.04,15607828.0
2019-02-22,160.58,162.41,160.31,161.89,161.89,15858468.0
2019-02-25,163.07,166.07,162.9,164.62,164.62,18737106.0
2019-02-26,164.34,166.24,163.8,164.13,164.13,13784063.0
2019-02-27,162.9,163.93,160.41,162.81,162.81,12697485.0
2019-02-28,162.37,163.5,160.86,161.45,161.45,11114185.0
2019-03-01,162.6,163.13,161.69,162.28,162.28,11097770.0
2019-03-04,163.9,167.5,163.83,167.37,167.37,18894689.0
2019-03-05,167.37,171.88,166.55,171.26,171.26,28187890.0
2019-03-06,172.9,173.57,171.27,172.51,172.51,21531723.0
2019-03-07,171.5,171.74,167.61,169.13,169.13,18306504.0
2019-03-08,166.2,169.62,165.97,169.6,169.6,13184831.0
2019-03-11,171.6,174.3,171.58,172.07,172.07,18883983.0
2019-03-12,172.09,173.8,171.22,171.92,171.92,12155264.0
2019-03-13,172.32,174.03,172.12,173.37,173.37,11973280.0
2019-03-14,169.76,171.15,168.16,170.17,170.17,18037364.0
2019-03-15,167.16,167.58,162.51,165.98,165.98,37126000.0
2019-03-18,163.57,163.9,159.28,160.47,160.47,37524191.0
2019-03-19,161.48,163.82,160.82,161.57,161.57,25611488.0
2019-03-20,161.5,166.12,161.24,165.44,165.44,20211474.0
2019-03-21,164.89,166.39,163.75,166.08,166.08,16223007.0
2019-03-22,165.65,167.42,164.09,164.34,164.34,16389185.0
2019-03-25,163.0,166.54,162.0,166.29,166.29,12631230.0
2019-03-26,167.35,169.45,166.35,167.68,167.68,15437920.0
2019-03-27,167.85,168.94,164.79,165.87,165.87,10620299.0
2019-03-28,164.57,166.72,163.33,165.55,165.55,10689171.0
2019-03-29,166.39,167.19,164.81,166.69,166.69,13455454.0
2019-04-01,167.83,168.9,167.28,168.7,168.7,10381490.0
2019-04-02,170.14,174.9,169.55,174.2,174.2,23946529.0
2019-04-03,174.5,177.96,172.95,173.54,173.54,27590058.0
2019-04-04,176.02,178.0,175.53,176.02,176.02,17847731.0
2019-04-05,176.88,177.0,175.1,175.72,175.72,9594133.0
2019-04-08,175.21,175.5,174.23,174.93,174.93,7297379.0
2019-04-09,175.62,179.19,175.55,177.58,177.58,19751031.0
2019-04-10,178.18,178.79,176.54,177.82,177.82,11701479.0
2019-04-11,178.24,178.4,177.0,177.51,177.51,8070967.0
2019-04-12,178.0,179.63,177.95,179.1,179.1,12329812.0
2019-04-15,178.5,180.5,176.87,179.65,179.65,10834762.0
2019-04-16,179.0,180.17,178.3,178.87,178.87,11215193.0
2019-04-17,179.6,180.74,178.36,178.78,178.78,9973732.0
2019-04-18,178.8,178.88,177.34,178.28,178.28,11655608.0
2019-04-22,178.25,181.67,178.25,181.44,181.44,13389889.0
2019-04-23,182.74,184.22,181.48,183.78,183.78,19954814.0
2019-04-24,184.49,185.14,181.65,182.58,182.58,37289871.0
2019-04-25,196.98,198.48,192.12,193.26,193.26,54148789.0
2019-04-26,192.5,192.9,189.09,191.49,191.49,22075002.0
2019-04-29,190.95,195.41,190.65,194.78,194.78,19641310.0
2019-04-30,194.19,197.39,192.28,193.4,193.4,23494689.0
2019-05-01,194.78,196.18,193.01,193.03,193.03,15996646.0
2019-05-02,193.0,194.0,189.75,192.53,192.53,13209452.0
2019-05-03,194.38,196.16,193.71,195.47,195.47,14575434.0
2019-05-06,191.24,194.28,190.55,193.88,193.88,13994932.0
2019-05-07,192.54,192.9,187.85,189.77,189.77,16253001.0
2019-05-08,189.39,190.72,188.55,189.54,189.54,12505737.0
2019-05-09,187.2,189.77,186.26,188.65,188.65,12967033.0
2019-05-10,188.25,190.0,184.59,188.34,188.34,12578508.0
2019-05-13,183.5,185.43,180.84,181.54,181.54,16833347.0
2019-05-14,182.52,183.49,178.1,180.73,180.73,17628142.0
2019-05-15,180.42,187.28,180.02,186.27,186.27,16746904.0
2019-05-16,185.05,188.58,185.05,186.99,186.99,12953111.0
2019-05-17,184.84,187.58,184.28,185.3,185.3,10485370.0
2019-05-20,181.88,184.23,181.37,182.72,182.72,10351981.0
2019-05-21,184.57,185.7,183.89,184.82,184.82,7502820.0
2019-05-22,184.73,186.74,183.61,185.32,185.32,9213801.0
2019-05-23,182.42,183.9,179.67,180.87,180.87,12768835.0
2019-05-24,182.33,183.63,180.83,181.06,181.06,8807701.0
2019-05-28,181.54,184.71,181.45,184.31,184.31,14843308.0
2019-05-29,183.5,184.56,181.35,182.19,182.19,12797685.0
2019-05-30,183.08,183.48,180.89,183.01,183.01,8581544.0
2019-05-31,180.28,180.54,177.16,177.47,177.47,15226536.0
2019-06-03,175.0,175.05,161.01,164.15,164.15,56059609.0
2019-06-04,163.71,168.28,160.84,167.5,167.5,46044256.0
2019-06-05,167.48,168.72,164.63,168.17,168.17,19758317.0
2019-06-06,168.3,169.7,167.23,168.33,168.33,12446354.0
2019-06-07,170.17,173.87,168.84,173.35,173.35,16917343.0
2019-06-10,174.75,177.86,173.8,174.82,174.82,14767918.0
2019-06-11,178.48,179.98,176.79,178.1,178.1,15266644.0
2019-06-12,178.38,179.27,172.88,175.04,175.04,17699806.0
2019-06-13,175.53,178.03,174.61,177.47,177.47,12253569.0
2019-06-14,180.51,181.84,180.0,181.33,181.33,16773691.0
2019-06-17,185.01,189.5,184.41,189.01,189.01,29459881.0
2019-06-18,194.0,194.53,187.28,188.47,188.47,37571352.0
2019-06-19,187.0,188.1,184.55,187.48,187.48,21417092.0
2019-06-20,190.95,191.16,187.64,189.53,189.53,14635740.0
2019-06-21,188.75,192.0,188.75,191.14,191.14,22751159.0
2019-06-24,192.42,193.98,191.57,192.6,192.6,15508955.0
2019-06-25,192.88,193.14,188.13,188.84,188.84,16750309.0
2019-06-26,189.54,190.76,187.31,187.66,187.66,12808604.0
2019-06-27,189.88,198.88,188.27,189.5,189.5,11158983.0
2019-06-28,190.55,193.2,189.94,193.0,193.0,16378878.0
2019-07-01,195.21,195.28,191.93,193.0,193.0,14204690.0
2019-07-02,193.0,195.0,192.71,195.0,195.0,9049979.0
2019-07-03,194.16,197.4,194.16,197.2,197.2,10246119.0
2019-07-05,196.18,197.07,194.17,196.4,196.4,11164107.0
2019-07-08,195.19,196.68,193.64,195.76,195.76,9723858.0
2019-07-09,194.97,199.46,194.89,199.21,199.21,14698611.0
2019-07-10,200.0,202.96,199.67,202.73,202.73,20571702.0
2019-07-11,203.26,203.8,200.21,201.23,201.23,13678457.0
2019-07-12,199.68,205.3,199.16,204.87,204.87,15366272.0
2019-07-15,204.25,205.33,201.82,203.91,203.91,16030335.0
2019-07-16,203.89,205.47,203.1,203.84,203.84,12132720.0
2019-07-17,204.18,204.36,201.59,201.8,201.8,12083714.0
2019-07-18,200.15,202.47,199.38,200.78,200.78,11956554.0
2019-07-19,202.18,202.33,198.07,198.36,198.36,12098262.0
2019-07-22,199.91,202.57,198.81,202.32,202.32,13589024.0
2019-07-23,202.84,204.24,200.96,202.36,202.36,14583680.0
2019-07-24,197.63,204.81,197.22,204.66,204.66,32532540.0
2019-07-25,206.7,208.66,198.26,200.71,200.71,39889869.0
2019-07-26,200.19,202.88,196.25,199.75,199.75,24433985.0
2019-07-29,199.0,199.63,195.3,195.94,195.94,16530801.0
2019-07-30,195.39,198.71,193.5,197.04,197.04,11903558.0
2019-07-31,196.95,198.76,192.68,194.23,194.23,14593544.0
2019-08-01,194.17,198.47,190.88,192.73,192.73,17777013.0
2019-08-02,191.1,192.62,188.07,189.02,189.02,15296975.0
2019-08-05,184.69,185.67,179.34,181.73,181.73,23086655.0
2019-08-06,183.69,185.79,183.09,184.51,184.51,18035686.0
2019-08-07,183.6,186.37,181.22,185.15,185.15,15833197.0
2019-08-08,186.62,190.34,184.05,190.16,190.16,14828916.0
2019-08-09,190.0,190.98,187.12,187.85,187.85,11058811.0
2019-08-12,186.85,187.59,184.46,185.37,185.37,10936283.0
2019-08-13,185.52,191.38,185.37,188.45,188.45,13653319.0
2019-08-14,185.8,185.99,179.31,179.71,179.71,18903716.0
2019-08-15,180.95,183.2,180.03,182.59,182.59,13059640.0
2019-08-16,183.75,185.1,182.36,183.7,183.7,12844832.0
2019-08-19,186.01,187.5,184.85,186.17,186.17,9699661.0
2019-08-20,185.45,186.0,182.39,183.81,183.81,10087592.0
2019-08-21,185.0,185.9,183.14,183.55,183.55,8409548.0
2019-08-22,183.43,184.11,179.91,182.04,182.04,10829509.0
2019-08-23,180.84,183.13,176.66,177.75,177.75,17331221.0
2019-08-26,179.4,180.5,178.24,180.36,180.36,8780477.0
2019-08-27,181.93,184.04,181.01,181.3,181.3,14408946.0
2019-08-28,180.53,181.95,178.92,181.76,181.76,9364533.0
2019-08-29,183.77,186.08,183.47,185.57,185.57,10135033.0
2019-08-30,186.78,186.8,183.46,185.67,185.67,10785722.0
2019-09-03,184.0,185.67,182.11,182.39,182.39,9792187.0
2019-09-04,184.65,187.75,183.89,187.14,187.14,11314571.0
2019-09-05,188.53,191.36,187.94,190.9,190.9,13896621.0
2019-09-06,190.21,190.21,186.35,187.49,187.49,15226820.0
2019-09-09,187.73,188.98,185.85,188.76,188.76,14722402.0
2019-09-10,187.44,188.1,184.55,186.17,186.17,15455867.0
2019-09-11,186.46,189.44,186.08,188.49,188.49,11761660.0
2019-09-12,189.86,190.93,187.23,187.47,187.47,11419775.0
2019-09-13,187.33,187.97,186.54,187.19,187.19,11441116.0
2019-09-16,186.93,187.79,185.77,186.22,186.22,8444844.0
2019-09-17,186.66,188.32,185.54,188.08,188.08,9751570.0
2019-09-18,188.09,189.08,186.01,188.14,188.14,9945798.0
2019-09-19,188.66,191.1,188.15,190.14,190.14,10474685.0
2019-09-20,190.66,193.1,188.12,189.93,189.93,20359878.0
2019-09-23,189.34,190.1,185.21,186.82,186.82,14370089.0
2019-09-24,187.98,188.04,180.39,181.28,181.28,18775666.0
2019-09-25,181.45,183.42,177.87,182.8,182.8,18339960.0
2019-09-26,181.33,181.4,177.67,180.11,180.11,16280691.0
2019-09-27,180.49,180.76,175.66,177.1,177.1,14663575.0
2019-09-30,177.87,178.67,176.85,178.08,178.08,11071425.0
2019-10-01,179.15,179.84,174.88,175.81,175.81,17261556.0
2019-10-02,174.84,176.53,173.09,174.6,174.6,16374148.0
2019-10-03,175.57,179.84,173.63,179.38,179.38,16789319.0
2019-10-04,179.55,180.98,178.1,180.45,180.45,10476395.0
2019-10-07,180.0,181.18,178.09,179.68,179.68,9359793.0
2019-10-08,178.26,180.37,177.72,177.75,177.75,10084896.0
2019-10-09,179.16,180.72,177.94,179.85,179.85,7648874.0
2019-10-10,180.32,181.61,179.17,180.03,180.03,8980978.0
2019-10-11,182.15,186.49,182.14,184.19,184.19,14998754.0
2019-10-14,184.2,184.62,182.57,183.28,183.28,7203665.0
2019-10-15,183.8,190.38,183.66,188.89,188.89,15143119.0
2019-10-16,188.32,189.7,186.9,189.55,189.55,10560343.0
2019-10-17,190.3,190.84,188.77,190.39,190.39,9761548.0
2019-10-18,190.23,191.49,183.92,185.85,185.85,16584992.0
2019-10-21,187.04,189.91,186.75,189.76,189.76,8122598.0
2019-10-22,190.0,190.65,181.5,182.34,182.34,19854192.0
2019-10-23,182.01,186.38,182.0,186.15,186.15,12370819.0
2019-10-24,184.62,186.73,182.8,186.38,186.38,11505406.0
2019-10-25,185.83,189.0,185.09,187.89,187.89,8061240.0
2019-10-28,187.2,189.53,185.08,189.4,189.4,13377192.0
2019-10-29,191.69,192.53,188.47,189.31,189.31,13574874.0
2019-10-30,189.56,190.45,185.98,188.25,188.25,28734559.0
2019-10-31,196.7,198.09,188.25,191.65,191.65,42286529.0
2019-11-01,192.85,194.11,189.91,193.62,193.62,21711829.0
2019-11-04,194.55,197.37,193.81,194.72,194.72,16371292.0
2019-11-05,195.37,195.75,193.6,194.32,194.32,9941954.0
2019-11-06,194.03,194.37,191.35,191.55,191.55,10973019.0
2019-11-07,191.91,193.44,189.47,190.42,190.42,13472998.0
2019-11-08,190.0,192.34,189.7,190.84,190.84,10764784.0
2019-11-11,189.93,190.08,188.54,189.61,189.61,8637768.0
2019-11-12,190.0,195.06,189.74,194.47,194.47,17615454.0
2019-11-13,194.7,195.7,192.74,193.19,193.19,11009800.0
2019-11-14,192.93,194.03,191.45,193.15,193.15,9059897.0
2019-11-15,194.26,195.3,193.38,195.1,195.1,11530232.0
2019-11-18,194.56,198.63,193.05,197.4,197.4,16176107.0
2019-11-19,197.4,200.0,196.86,199.32,199.32,19070291.0
2019-11-20,198.58,199.59,195.43,197.51,197.51,12370240.0
2019-11-21,197.42,199.09,196.86,197.93,197.93,12130985.0
2019-11-22,198.38,199.3,197.62,198.82,198.82,9959817.0
2019-11-25,199.52,200.97,199.25,199.79,199.79,15286442.0
2019-11-26,200.0,200.15,198.04,198.97,198.97,11748664.0
2019-11-27,199.9,203.14,199.42,202.0,202.0,12760568.0
2019-11-29,201.6,203.8,201.21,201.64,201.64,7985231.0
2019-12-02,202.13,202.18,198.05,199.7,199.7,11542020.0
2019-12-03,197.6,198.93,195.08,198.82,198.82,13014170.0
2019-12-04,200.0,200.03,198.05,198.71,198.71,8459939.0
2019-12-05,199.86,201.29,198.21,199.36,199.36,9755350.0
2019-12-06,200.5,201.57,200.06,201.05,201.05,12279525.0
2019-12-09,200.65,203.14,200.21,201.34,201.34,12013218.0
2019-12-10,201.66,202.05,200.15,200.87,200.87,9485568.0
2019-12-11,200.28,202.63,200.28,202.26,202.26,8041827.0
2019-12-12,202.35,203.66,194.1,196.75,196.75,23766986.0
2019-12-13,196.4,196.8,193.17,194.11,194.11,18806020.0
2019-12-16,195.27,199.12,194.81,197.92,197.92,14922733.0
2019-12-17,198.84,199.0,196.13,198.39,198.39,10177605.0
2019-12-18,200.09,204.3,200.09,202.5,202.5,23284746.0
2019-12-19,202.78,206.3,202.51,206.06,206.06,16808184.0
2019-12-20,207.48,207.71,203.43,206.3,206.3,27315226.0
2019-12-23,206.7,208.59,205.68,206.18,206.18,13353194.0
2019-12-24,206.3,206.79,205.0,205.12,205.12,6046273.0
2019-12-26,205.57,207.82,205.31,207.79,207.79,9368273.0
2019-12-27,208.67,208.93,206.59,208.1,208.1,10287634.0
2019-12-30,207.86,207.9,203.9,204.41,204.41,10534441.0
2019-12-31,204.0,205.56,203.6,205.25,205.25,8962756.0
2020-01-02,206.75,209.79,206.27,209.78,209.78,12090707.0
2020-01-03,207.21,210.4,206.95,208.67,208.67,11197416.0
2020-01-06,206.7,212.78,206.52,212.6,212.6,17073861.0
2020-01-07,212.82,214.58,211.75,213.06,213.06,15111857.0
2020-01-08,213.0,216.24,212.61,215.22,215.22,13492703.0
2020-01-09,217.54,218.38,216.28,218.3,218.3,12679579.0
2020-01-10,219.2,219.88,217.42,218.06,218.06,12127432.0
2020-01-13,219.6,221.97,219.21,221.91,221.91,14295658.0
2020-01-14,221.61,222.38,218.63,219.06,219.06,13315361.0
2020-01-15,220.61,221.68,220.14,221.15,221.15,10036475.0
2020-01-16,222.57,222.63,220.39,221.77,221.77,10015288.0
2020-01-17,222.03,222.29,220.53,222.14,222.14,15905944.0
2020-01-21,222.16,222.37,219.12,221.44,221.44,14162007.0
2020-01-22,222.31,222.75,221.28,221.32,221.32,12212814.0
2020-01-23,220.75,221.49,219.27,219.76,219.76,11195000.0
2020-01-24,220.8,221.78,216.11,217.94,217.94,11905824.0
2020-01-27,213.1,216.06,212.5,214.87,214.87,13810655.0
2020-01-28,216.14,218.74,213.52,217.79,217.79,13413835.0
2020-01-29,221.44,224.2,218.45,223.23,223.23,33610005.0
2020-01-30,206.53,211.43,204.75,209.53,209.53,48775500.0
2020-01-31,208.43,208.69,201.06,201.91,201.91,31359917.0
2020-02-03,203.44,205.14,202.5,204.19,204.19,15510509.0
2020-02-04,206.62,210.6,205.2,209.83,209.83,19628890.0
2020-02-05,212.51,212.73,208.71,210.11,210.11,12538154.0
2020-02-06,210.47,211.19,209.34,210.85,210.85,10567533.0
2020-02-07,210.3,212.82,209.93,212.33,212.33,12242530.0
2020-02-10,211.52,213.8,210.66,213.06,213.06,11856350.0
2020-02-11,210.19,210.86,206.51,207.19,207.19,25030810.0
2020-02-12,207.85,211.22,207.4,210.76,210.76,13813704.0
2020-02-13,209.52,214.33,209.18,213.14,213.14,15396625.0
2020-02-14,214.0,214.93,212.65,214.18,214.18,10741747.0
2020-02-18,213.55,217.98,213.4,217.8,217.8,15630026.0
2020-02-19,217.99,218.32,216.11,217.49,217.49,12135114.0
2020-02-20,216.52,218.77,212.95,214.58,214.58,13109213.0
2020-02-21,213.48,214.24,208.83,210.18,210.18,14098432.0
2020-02-24,201.8,203.65,198.17,200.72,200.72,23080057.0
2020-02-25,202.25,203.5,195.95,196.77,196.77,21433487.0
2020-02-26,197.19,201.21,195.49,197.2,197.2,16555210.0
2020-02-27,191.82,195.88,189.5,189.75,189.75,21682626.0
2020-02-28,182.7,192.74,181.82,192.47,192.47,32583494.0
2020-03-02,194.03,196.57,188.85,196.44,196.44,24948955.0
2020-03-03,196.22,197.24,183.97,185.89,185.89,27984104.0
2020-03-04,189.17,191.83,186.39,191.76,191.76,23062473.0
2020-03-05,186.78,188.99,183.89,185.17,185.17,19333425.0
2020-03-06,178.33,183.78,176.26,181.09,181.09,24559550.0
2020-03-09,169.6,175.0,165.19,169.5,169.5,29949041.0
2020-03-10,174.67,178.29,169.5,178.19,178.19,24517791.0
2020-03-11,174.01,175.88,167.66,170.24,170.24,20397204.0
2020-03-12,159.54,166.6,154.34,154.47,154.47,43266335.0
2020-03-13,163.53,170.79,157.6,170.28,170.28,35028627.0
2020-03-16,152.32,159.13,143.1,146.01,146.01,39120419.0
2020-03-17,150.74,153.94,140.0,149.42,149.42,34255596.0
2020-03-18,139.75,148.18,137.1,146.96,146.96,37553136.0
2020-03-19,146.62,159.93,144.8,153.13,153.13,39862312.0
2020-03-20,156.02,159.27,148.0,149.73,149.73,32568398.0
2020-03-23,149.66,152.31,142.25,148.1,148.1,29830765.0
2020-03-24,155.21,161.31,152.57,160.98,160.98,30440369.0
2020-03-25,158.92,162.99,153.06,156.21,156.21,35184271.0
2020-03-26,158.25,164.0,157.02,163.34,163.34,26579021.0
2020-03-27,158.2,160.09,154.75,156.79,156.79,24879869.0
2020-03-30,159.18,166.75,158.06,165.95,165.95,22515225.0
2020-03-31,165.48,170.93,164.2,166.8,166.8,23676283.0
2020-04-01,161.62,164.15,158.04,159.6,159.6,19507559.0
2020-04-02,159.1,161.35,155.92,158.19,158.19,20886309.0
2020-04-03,157.15,157.91,150.83,154.18,154.18,25983317.0
2020-04-06,160.15,166.2,158.51,165.55,165.55,28453581.0
2020-04-07,171.79,173.39,166.01,168.83,168.83,31411919.0
2020-04-08,171.25,175.0,167.74,174.28,174.28,21664198.0
2020-04-09,175.9,177.08,171.57,175.19,175.19,23534287.0
2020-04-13,173.67,175.0,169.45,174.79,174.79,19355355.0
2020-04-14,178.98,181.23,176.62,178.17,178.17,21011815.0
2020-04-15,175.19,178.19,172.82,176.97,176.97,17423003.0
2020-04-16,177.95,178.05,172.51,176.25,176.25,23593229.0
2020-04-17,179.2,180.28,176.66,179.24,179.24,20974750.0
2020-04-20,177.41,180.5,176.77,178.24,178.24,16110664.0
2020-04-21,175.25,175.38,168.34,170.8,170.8,24850528.0
2020-04-22,178.45,184.78,178.14,182.28,182.28,33369931.0
2020-04-23,184.08,187.05,183.15,185.13,185.13,21426604.0
2020-04-24,183.23,190.41,180.83,190.07,190.07,28868528.0
2020-04-27,192.66,193.75,187.41,187.5,187.5,29197750.0
2020-04-28,188.66,189.2,182.56,182.91,182.91,21730986.0
2020-04-29,190.93,196.91,190.0,194.19,194.19,45954521.0
2020-04-30,206.92,209.69,201.57,204.71,204.71,46230116.0
2020-05-01,201.6,207.28,199.05,202.27,202.27,30415581.0
2020-05-04,200.2,205.91,198.76,205.26,205.26,19250673.0
2020-05-05,207.02,210.38,206.5,207.07,207.07,21071223.0
2020-05-06,208.12,211.6,206.66,208.47,208.47,21856963.0
2020-05-07,211.16,211.6,209.04,211.26,211.26,15151976.0
2020-05-08,212.24,213.21,210.85,212.35,212.35,12524048.0
2020-05-11,210.89,215.0,210.37,213.18,213.18,12911948.0
2020-05-12,213.29,215.28,210.0,210.1,210.1,14704647.0
2020-05-13,209.43,210.78,202.11,205.1,205.1,20684559.0
2020-05-14,202.56,206.93,200.69,206.81,206.81,17178947.0
2020-05-15,205.27,211.34,204.12,210.88,210.88,19383154.0
2020-05-18,212.15,214.64,210.94,213.19,213.19,20167443.0
2020-05-19,213.27,220.49,212.83,216.88,216.88,31843152.0
2020-05-20,223.5,231.34,223.19,229.97,229.97,50162875.0
2020-05-21,234.72,237.2,231.2,231.39,231.39,47577915.0
2020-05-22,231.51,235.99,228.74,234.91,234.91,33925564.0
2020-05-26,239.77,240.9,231.67,232.2,232.2,33178318.0
2020-05-27,229.07,230.56,221.13,229.14,229.14,34697553.0
2020-05-28,224.3,231.63,224.0,225.46,225.46,29423013.0
2020-05-29,225.2,227.49,222.88,225.09,225.09,23322476.0
2020-06-01,224.59,232.44,223.5,231.91,231.91,18223839.0
2020-06-02,230.94,233.0,226.56,232.72,232.72,20919018.0
2020-06-03,232.11,232.65,228.53,230.16,230.16,15380282.0
2020-06-04,229.56,231.63,224.61,226.29,226.29,17041481.0
2020-06-05,226.71,231.35,225.31,230.77,230.77,16750438.0
2020-06-08,229.03,231.55,227.41,231.4,231.4,15466499.0
2020-06-09,231.52,239.77,230.41,238.67,238.67,27462872.0
2020-06-10,240.96,241.21,235.28,236.73,236.73,20720709.0
2020-06-11,229.94,232.89,223.55,224.43,224.43,26708163.0
2020-06-12,229.9,231.66,224.5,228.58,228.58,22091387.0
2020-06-15,225.09,233.77,224.8,232.5,232.5,15340264.0
2020-06-16,237.14,238.46,233.0,235.65,235.65,15236691.0
2020-06-17,235.0,237.59,231.73,235.53,235.53,19578125.0
2020-06-18,234.99,236.14,232.15,235.94,235.94,15782452.0
2020-06-19,237.79,240.83,235.55,238.79,238.79,30081291.0
2020-06-22,238.56,240.7,236.91,239.22,239.22,18917782.0
2020-06-23,241.28,245.19,239.86,242.24,242.24,24017915.0
2020-06-24,241.2,243.22,232.68,234.02,234.02,20834904.0
2020-06-25,234.62,237.3,232.74,235.68,235.68,18704339.0
2020-06-26,232.64,233.09,215.4,216.08,216.08,76343939.0
2020-06-29,209.75,220.75,207.11,220.64,220.64,58514281.0
2020-06-30,220.59,227.5,218.47,227.07,227.07,33927068.0
2020-07-01,228.5,239.0,227.56,237.55,237.55,43403869.0
2020-07-02,239.0,240.0,232.61,233.42,233.42,30635970.0
2020-07-06,233.76,240.4,232.27,240.28,240.28,26208488.0
2020-07-07,239.41,247.65,238.82,240.86,240.86,27887936.0
2020-07-08,238.11,246.99,236.59,243.58,243.58,29793184.0
2020-07-09,245.0,246.53,239.24,244.5,244.5,22175054.0
2020-07-10,243.69,245.49,239.32,245.07,245.07,22982716.0
2020-07-13,247.01,250.15,238.42,239.0,239.0,24674883.0
2020-07-14,236.76,240.33,232.03,239.73,239.73,23378056.0
2020-07-15,241.55,244.82,238.05,240.28,240.28,19134627.0
2020-07-16,238.0,241.76,236.33,240.93,240.93,18880800.0
2020-07-17,241.0,244.16,237.86,242.03,242.03,18152413.0
2020-07-20,240.06,246.05,235.64,245.42,245.42,20797388.0
2020-07-21,246.22,246.91,240.08,241.75,241.75,18646840.0
2020-07-22,240.26,241.9,238.12,239.87,239.87,15427885.0
2020-07-23,239.63,242.42,231.75,232.6,232.6,21771802.0
2020-07-24,230.19,233.49,226.9,230.71,230.71,18325813.0
2020-07-27,231.46,234.95,230.83,233.5,233.5,13163083.0
2020-07-28,234.63,234.96,229.83,230.12,230.12,14170112.0
2020-07-29,231.14,233.7,230.31,233.29,233.29,13588317.0
2020-07-30,230.22,234.893,229.0,234.5,234.5,20615306.0
2020-07-31,255.82,255.85,249.0,253.67,253.67,53030037.0
2020-08-03,252.65,255.4,250.33,251.96,251.96,23134103.0
2020-08-04,251.56,252.8,247.43,249.83,249.83,17183533.0
2020-08-05,250.19,252.2698,247.77,249.12,249.12,13088361.0
2020-08-06,249.04,266.6,248.665,265.28,265.28,45241611.0
2020-08-07,264.08,278.89,263.43,268.44,268.44,72766364.0
2020-08-10,268.04,273.86,259.69,263.0,263.0,30248826.0
2020-08-11,260.185,265.915,255.13,256.13,256.13,28238283.0
2020-08-12,258.97,263.8973,258.1125,259.89,259.89,21428329.0
2020-08-13,261.55,265.16,259.57,261.3,261.3,17373970.0
2020-08-14,262.305,262.65,258.6801,261.24,261.24,14792708.0
2020-08-17,262.5,264.0973,259.4,261.16,261.16,13303174.0
2020-08-18,260.95,265.15,259.26,262.34,262.34,18690383.0
2020-08-19,261.388,267.908,261.35,262.59,262.59,23291463.0
2020-08-20,261.5,269.63,261.46,269.01,269.01,20299688.0
2020-08-21,268.69,270.49,266.42,267.01,267.01,15538615.0
2020-08-24,271.07,277.2478,268.7701,271.39,271.39,23685603.0
2020-08-25,272.41,283.09,270.2601,280.82,280.82,42127240.0
2020-08-26,284.0,304.67,284.0,303.91,303.91,69015151.0
2020-08-27,300.16,301.23,292.02,293.22,293.22,30301309.0
2020-08-28,295.0,297.23,290.98,293.66,293.66,17172415.0
2020-08-31,293.95,296.88,291.55,293.2,293.2,17345134.0
2020-09-01,294.71,301.49,292.71,295.44,295.44,17320872.0
2020-09-02,298.88,303.6,293.05,302.5,302.5,24341369.0
2020-09-03,295.99,297.6,283.63,291.12,291.12,32294092.0
2020-09-04,287.25,289.0,271.14,282.73,282.73,30333671.0
2020-09-08,271.28,279.3,269.42,271.16,271.16,24863997.0
2020-09-09,275.77,278.48,271.35,273.72,273.72,22918769.0
2020-09-10,275.51,279.16,267.0319,268.09,268.09,24814669.0
2020-09-11,270.06,271.39,262.64,266.61,266.61,18913883.0
2020-09-14,270.95,276.64,265.7,266.15,266.15,24093830.0
2020-09-15,270.67,274.52,269.3,272.42,272.42,18478530.0
2020-09-16,267.29,272.44,261.79,263.52,263.52,29207594.0
2020-09-17,258.28,261.5,250.19,254.82,254.82,31281441.0
2020-09-18,258.405,259.2,250.05,252.53,252.53,28130767.0
2020-09-21,247.54,249.95,244.13,248.15,248.15,24709378.0
2020-09-22,253.31,255.32,248.22,254.75,254.75,30293103.0
2020-09-23,255.26,257.9921,248.15,249.02,249.02,19641266.0
2020-09-24,246.5,252.24,245.62,249.53,249.53,20006750.0
2020-09-25,249.4,255.75,246.61,254.82,254.82,18351311.0
2020-09-28,259.4,259.6,254.8208,256.82,256.82,18826254.0
2020-09-29,257.81,263.33,256.9,261.79,261.79,20215504.0
2020-09-30,261.98,266.085,260.1,261.9,261.9,20142546.0
2020-10-01,265.35,268.33,264.8,266.63,266.63,20009801.0
2020-10-02,261.21,265.15,259.18,259.94,259.94,16367597.0
2020-10-05,262.2,264.865,260.8401,264.65,264.65,12822252.0
2020-10-06,261.78,265.69,258.24,258.66,258.66,18696917.0
2020-10-07,259.21,260.18,254.82,258.12,258.12,23133417.0
2020-10-08,259.75,264.62,259.1488,263.76,263.76,16312762.0
2020-10-09,264.52,264.75,262.17,264.45,264.45,14107803.0
2020-10-12,270.2,280.18,267.87,275.75,275.75,31019256.0
2020-10-13,277.58,279.1,273.39,276.14,276.14,18063343.0
2020-10-14,277.62,278.75,271.5,271.82,271.82,15601154.0
2020-10-15,267.6,269.04,263.67,266.72,266.72,15416064.0
2020-10-16,267.375,271.37,265.3,265.93,265.93,16622702.0
2020-10-19,265.53,268.55,259.88,261.4,261.4,13586955.0
2020-10-20,263.06,269.7,262.88,267.56,267.56,18763246.0
2020-10-21,279.56,283.05,276.37,278.73,278.73,28998638.0
2020-10-22,279.87,282.45,275.04,278.12,278.12,16720026.0
2020-10-23,278.8024,285.24,276.82,284.79,284.79,17535155.0
2020-10-26,283.16,285.23,274.26,277.11,277.11,21322925.0
2020-10-27,278.76,284.51,276.31,283.29,283.29,16287249.0
2020-10-28,278.79,278.79,267.26,267.67,267.67,23121808.0
2020-10-29,276.55,283.6,273.78,280.83,280.83,32368118.0
2020-10-30,274.5,276.7,259.1,263.11,263.11,47299002.0
2020-11-02,264.6,270.47,257.34,261.36,261.36,27165679.0
2020-11-03,263.16,270.05,260.88,265.3,265.3,17961859.0
2020-11-04,281.0,288.94,278.62,287.38,287.38,35364424.0
2020-11-05,291.8965,297.38,288.95,294.68,294.68,23823633.0
2020-11-06,293.95,294.6,288.06,293.41,293.41,13890974.0
2020-11-09,289.87,292.58,278.53,278.77,278.77,25117650.0
2020-11-10,273.1,274.0,264.0,272.43,272.43,29067691.0
2020-11-11,273.47,278.4,272.48,276.48,276.48,14956950.0
2020-11-12,277.18,279.75,274.43,275.08,275.08,12914206.0
2020-11-13,277.72,277.76,273.1,276.95,276.95,10400101.0
2020-11-16,275.05,279.41,274.63,278.96,278.96,12970352.0
2020-11-17,277.68,277.68,273.29,275.0,275.0,15040297.0
2020-11-18,274.52,277.3889,271.84,271.97,271.97,12152945.0
2020-11-19,271.025,273.47,269.19,272.94,272.94,12963658.0
2020-11-20,272.56,273.0,269.41,269.7,269.7,18122412.0
2020-11-23,270.89,270.9471,264.53,268.43,268.43,20990786.0
2020-11-24,268.49,277.8199,267.87,276.92,276.92,16852501.0
2020-11-25,278.14,280.18,272.65,275.59,275.59,12467009.0
2020-11-27,277.39,279.13,274.82,277.81,277.81,7808426.0
2020-11-30,276.03,277.7,271.01,276.97,276.97,16693336.0
2020-12-01,279.16,289.3,278.96,286.55,286.55,20602115.0
2020-12-02,285.36,291.78,280.825,287.52,287.52,17361624.0
2020-12-03,286.25,286.65,281.07,281.85,281.85,12921694.0
2020-12-04,280.3,283.46,279.3,279.7,279.7,10880299.0
2020-12-07,279.19,288.49,278.2,285.58,285.58,13007665.0
2020-12-08,286.01,286.4272,281.55,283.4,283.4,10747650.0
2020-12-09,283.66,287.63,271.75,277.92,277.92,25189707.0
2020-12-10,275.535,278.73,271.86,277.12,277.12,20065091.0
2020-12-11,274.53,276.48,270.25,273.55,273.55,14391401.0
2020-12-14,273.3722,277.22,271.56,274.19,274.19,16376880.0
2020-12-15,274.83,276.08,267.47,275.55,275.55,23979461.0
2020-12-16,274.76,277.86,272.51,275.67,275.67,15884999.0
2020-12-17,277.07,280.44,273.61,274.48,274.48,16377844.0
2020-12-18,275.775,278.0,271.14,276.4,276.4,26693249.0
2020-12-21,272.978,274.67,267.79,272.79,272.79,16553740.0
2020-12-22,271.5,271.5,264.63,267.09,267.09,17334999.0
2020-12-23,266.89,272.1699,266.23,268.11,268.11,14329038.0
2020-12-24,268.875,270.4,266.2,267.4,267.4,6702033.0
2020-12-28,268.74,277.3,265.66,277.0,277.0,23123385.0
2020-12-29,276.95,280.51,276.28,276.78,276.78,16382995.0
2020-12-30,277.95,278.08,271.71,271.87,271.87,11803795.0
2020-12-31,272.0,277.09,269.81,273.16,273.16,12900408.0
2021-01-04,274.78,275.0,265.2,268.94,268.94,15106113.0
2021-01-05,268.29,272.4,268.2111,270.97,270.97,9871557.0
2021-01-06,262.0,267.75,260.01,263.31,263.31,24354149.0
2021-01-07,265.9,271.61,264.78,268.74,268.74,15789756.0
2021-01-08,268.31,268.95,263.18,267.57,267.57,18528251.0
2021-01-11,260.48,263.47,255.9,256.84,256.84,30412286.0
2021-01-12,256.63,259.72,250.3,251.09,251.09,25772128.0
2021-01-13,251.55,253.95,249.2,251.64,251.64,19528938.0
2021-01-14,253.4,255.03,244.61,245.64,245.64,29739404.0
2021-01-15,247.9,253.86,247.16,251.36,251.36,24942930.0
2021-01-19,256.9,262.2,252.7201,261.1,261.1,28028546.0
2021-01-20,268.93,270.32,263.6,267.48,267.48,25199919.0
2021-01-21,269.26,273.6,267.4901,272.87,272.87,20838687.0
2021-01-22,272.01,278.47,272.0,274.5,274.5,21954042.0
2021-01-25,278.14,280.1,271.51,278.01,278.01,19086990.0
2021-01-26,278.1398,285.39,277.81,282.05,282.05,19373636.0
2021-01-27,282.53,283.45,268.1201,272.14,272.14,35346194.0
2021-01-28,277.18,286.79,264.7,265.0,265.0,37758844.0
2021-01-29,265.3,266.56,254.85,258.33,258.33,30389499.0
2021-02-01,259.52,264.17,254.91,262.01,262.01,22914255.0
2021-02-02,264.0,268.85,263.27,267.08,267.08,16964380.0
2021-02-03,265.62,269.2,263.84,266.65,266.65,14223377.0
2021-02-04,267.01,268.16,264.0,266.49,266.49,16059958.0
2021-02-05,266.8,269.17,265.67,268.1,268.1,12454367.0
2021-02-08,268.75,269.86,265.0,266.58,266.58,13755191.0
2021-02-09,266.44,273.39,265.75,269.45,269.45,14420322.0
2021-02-10,272.4465,273.7999,267.72,271.87,271.87,14188230.0
2021-02-11,271.89,273.58,268.49,270.39,270.39,12828572.0
2021-02-12,270.52,271.18,268.34,270.5,270.5,9097597.0
2021-02-16,270.8,276.6,270.05,273.97,273.97,15417243.0
2021-02-17,271.24,273.97,269.58,273.57,273.57,12619051.0
2021-02-18,269.565,271.95,266.03,269.39,269.39,15249134.0
2021-02-19,269.86,270.27,260.15,261.56,261.56,25622587.0
2021-02-22,257.95,263.07,257.53,260.33,260.33,17298474.0
2021-02-23,259.5,267.46,254.96,265.855,265.855,21924557.0
2021-02-24,262.325,266.38,258.39,264.31,264.31,15736123.0
2021-02-25,262.3,266.94,254.04,254.69,254.69,18430701.0
2021-02-26,256.47,265.55,256.47,257.62,257.62,26313472.0
2021-03-01,260.82,266.65,257.9039,264.91,264.91,22157255.0
2021-03-02,265.78,266.71,258.65,259.0,259.0,15191722.0
2021-03-03,260.29,260.9899,255.1,255.41,255.41,15513515.0
2021-03-04,256.47,266.49,253.5,257.64,257.64,31626463.0
2021-03-05,260.67,265.45,255.61,264.28,264.28,26820055.0
2021-03-08,265.55,265.58,255.05,255.31,255.31,18391768.0
2021-03-09,261.175,268.53,259.81,265.74,265.74,22039740.0
2021-03-10,268.64,268.97,262.87,264.9,264.9,14210318.0
2021-03-11,268.11,277.9,267.82,273.88,273.88,21833979.0
2021-03-12,269.14,269.74,264.02,268.4,268.4,20600198.0
2021-03-15,269.08,275.96,268.5,273.75,273.75,16856746.0
2021-03-16,276.085,282.14,274.8,279.28,279.28,22437665.0
2021-03-17,275.705,286.23,275.41,284.01,284.01,21315044.0
2021-03-18,279.87,285.1899,278.28,278.62,278.62,18754853.0
2021-03-19,281.22,292.8,281.195,290.11,290.11,38930536.0
2021-03-22,290.45,299.705,286.7501,293.54,293.54,28273073.0
2021-03-23,293.15,298.0,289.81,290.63,290.63,23000929.0
2021-03-24,291.0,291.72,281.16,282.14,282.14,18675046.0
2021-03-25,280.98,288.06,277.75,278.74,278.74,24505648.0
2021-03-26,278.3018,284.5,277.77,283.02,283.02,17629185.0
2021-03-29,285.77,293.18,284.7,290.82,290.82,21718831.0
2021-03-30,289.83,292.47,286.7,288.0,288.0,17474537.0
2021-03-31,289.99,296.5,288.61,294.53,294.53,19498157.0
2021-04-01,298.4,302.4,296.6,298.66,298.66,17615980.0
2021-04-05,300.89,310.765,300.68,308.91,308.91,28237006.0
2021-04-06,308.8365,311.35,305.25,306.26,306.26,17335246.0
2021-04-07,306.34,314.25,305.5,313.09,313.09,22855241.0
2021-04-08,314.85,315.88,310.05,313.02,313.02,20894148.0
2021-04-09,311.4,314.74,310.33,312.46,312.46,15988568.0
2021-04-12,311.05,312.15,307.93,311.54,311.54,10881935.0
2021-04-13,312.21,314.428,309.32,309.76,309.76,14036927.0
2021-04-14,307.3,308.03,301.95,302.82,302.82,17421393.0
2021-04-15,306.34,310.14,304.1,307.82,307.82,14558273.0
2021-04-16,308.17,308.95,304.61,306.18,306.18,13059163.0
2021-04-19,305.007,307.7,300.56,302.24,302.24,14553507.0
2021-04-20,301.99,305.1,297.21,302.65,302.65,16796442.0
2021-04-21,301.945,301.98,297.39,301.47,301.47,14863474.0
2021-04-22,301.33,302.92,296.04,296.52,296.52,16375350.0
2021-04-23,298.76,302.59,297.15,301.13,301.13,17559498.0
2021-04-26,303.3396,305.8,301.56,303.04,303.04,16172593.0
2021-04-27,304.28,305.34,301.11,303.57,303.57,15309256.0
2021-04-28,307.36,310.92,305.37,307.1,307.1,33907210.0
2021-04-29,330.12,331.81,321.61,329.51,329.51,56526771.0
2021-04-30,326.1435,329.82,324.5,325.08,325.08,26332423.0
2021-05-03,326.17,328.55,321.84,322.58,322.58,18719462.0
2021-05-04,320.025,322.19,313.12,318.36,318.36,24032557.0
2021-05-05,318.19,321.06,314.49,315.02,315.02,15577605.0
2021-05-06,314.52,320.24,313.275,320.02,320.02,19012241.0
2021-05-07,322.38,322.935,318.75,319.08,319.08,15916743.0
2021-05-10,314.35,314.5786,304.83,305.97,305.97,24239170.0
2021-05-11,300.75,306.84,299.69,306.53,306.53,18920086.0
2021-05-12,301.13,304.96,298.19,302.55,302.55,24641010.0
2021-05-13,306.0833,308.86,302.7701,305.26,305.26,18079160.0
2021-05-14,309.54,316.85,309.08,315.94,315.94,19245724.0
2021-05-17,313.55,315.68,311.58,315.46,315.46,15401343.0
2021-05-18,315.59,316.5,309.81,309.96,309.96,14522403.0
2021-05-19,304.185,314.66,303.57,313.59,313.59,19106244.0
2021-05-20,313.58,319.25,313.16,318.61,318.61,17320241.0
2021-05-21,319.29,319.93,315.8101,316.23,316.23,13600901.0
2021-05-24,318.21,325.95,318.03,324.63,324.63,16445356.0
2021-05-25,327.08,329.18,324.8,327.79,327.79,16436965.0
2021-05-26,328.35,329.8299,325.82,327.66,327.66,9686917.0
2021-05-27,328.0,333.78,326.76,332.75,332.75,20477726.0
2021-05-28,331.0,332.8684,328.33,328.73,328.73,12037430.0
2021-06-01,330.15,331.42,326.64,329.13,329.13,11765906.0
2021-06-02,330.38,331.87,327.1215,329.15,329.15,11654275.0
2021-06-03,325.78,327.375,323.48,326.04,326.04,12610788.0
2021-06-04,325.9,332.455,325.18,330.35,330.35,13289383.0
2021-06-07,329.48,337.69,328.93,336.58,336.58,20136707.0
2021-06-08,336.7,338.2999,332.24,333.68,333.68,14580464.0
2021-06-09,335.74,336.8,330.0,330.25,330.25,13727946.0
2021-06-10,330.785,333.94,328.545,332.46,332.46,13240229.0
2021-06-11,332.58,332.83,328.93,331.26,331.26,13587916.0
2021-06-14,331.9,336.82,329.81,336.77,336.77,12250799.0
2021-06-15,336.99,339.92,335.03,336.75,336.75,15795226.0
2021-06-16,336.695,337.55,328.72,331.08,331.08,17031281.0
2021-06-17,330.49,337.98,330.15,336.51,336.51,17794080.0
2021-06-18,334.53,336.15,329.0,329.66,329.66,23039457.0
2021-06-21,331.09,332.92,327.65,332.29,332.29,11337522.0
2021-06-22,332.685,339.92,332.6,339.03,339.03,15345299.0
2021-06-23,339.35,343.4199,338.2,340.59,340.59,14817824.0
2021-06-24,341.85,344.9,341.79,343.18,343.18,12329096.0
2021-06-25,342.59,344.12,339.68,341.37,341.37,14594444.0
2021-06-28,342.46,358.14,341.77,355.64,355.64,29156132.0
2021-06-29,356.27,356.74,349.05,351.89,351.89,21417305.0
2021-06-30,352.165,352.92,347.17,347.71,347.71,15107514.0
2021-07-01,346.82,354.6699,346.5,354.39,354.39,17137021.0
2021-07-02,355.1,356.44,352.62,354.7,354.7,11524614.0
2021-07-06,356.5,358.79,349.18,352.78,352.78,13488455.0
2021-07-07,355.26,356.49,350.0,350.49,350.49,14218866.0
2021-07-08,345.73,348.33,342.56,345.65,345.65,14406457.0
2021-07-09,345.32,350.71,345.265,350.42,350.42,13018694.0
2021-07-12,351.23,354.19,349.64,353.16,353.16,10018624.0
2021-07-13,351.5,358.49,348.8,352.09,352.09,11455963.0
2021-07-14,354.56,355.2,346.73,347.63,347.63,13894221.0
2021-07-15,349.2348,349.2348,340.22,344.46,344.46,14781594.0
2021-07-16,344.91,345.9899,340.14,341.16,341.16,11026093.0
2021-07-19,337.57,339.79,334.54,336.95,336.95,14372345.0
2021-07-20,338.8,343.45,334.5,341.66,341.66,11024277.0
2021-07-21,341.5,346.52,341.25,346.23,346.23,9279657.0
2021-07-22,346.68,351.54,345.21,351.19,351.19,12385441.0
2021-07-23,360.91,375.33,357.19,369.79,369.79,33694328.0
2021-07-26,369.58,374.44,368.22,372.46,372.46,14925222.0
2021-07-27,371.91,373.15,364.55,367.81,367.81,15705447.0
2021-07-28,374.56,377.5499,366.93,373.28,373.28,29676910.0
2021-07-29,361.0,365.52,356.74,358.32,358.32,32210926.0
2021-07-30,354.0,360.73,352.94,356.3,356.3,15976179.0
2021-08-02,358.1,359.4,350.74,351.95,351.95,13180439.0
2021-08-03,352.73,353.7699,347.7,351.24,351.24,12406054.0
2021-08-04,352.42,360.48,351.51,358.92,358.92,14180572.0
2021-08-05,359.64,363.9,356.9,362.97,362.97,10247207.0
2021-08-06,361.4,365.15,361.395,363.51,363.51,8925017.0
2021-08-09,363.7623,365.775,360.75,361.61,361.61,7798872.0
2021-08-10,361.825,364.1,359.0435,361.13,361.13,7469878.0
2021-08-11,362.1,362.36,357.81,359.96,359.96,8400332.0
2021-08-12,358.45,363.0,357.11,362.65,362.65,7175206.0
2021-08-13,362.97,364.6607,361.48,363.18,363.18,7184414.0
2021-08-16,362.52,366.95,357.38,366.56,366.56,11232269.0
2021-08-17,362.98,364.67,355.07,358.45,358.45,12328737.0
2021-08-18,356.25,359.86,355.15,355.45,355.45,10042381.0
2021-08-19,351.345,357.57,351.0,355.12,355.12,12004535.0
2021-08-20,354.6,359.9898,353.31,359.37,359.37,8697667.0
2021-08-23,359.44,365.69,359.1,363.35,363.35,10942007.0
2021-08-24,363.66,367.9559,361.84,365.51,365.51,9235148.0
2021-08-25,365.6,370.86,365.4,368.39,368.39,9684519.0
2021-08-26,368.375,369.44,364.13,364.38,364.38,7888683.0
2021-08-27,365.1,373.74,364.08,372.63,372.63,11219142.0
2021-08-30,372.56,381.49,370.52,380.66,380.66,13547261.0
2021-08-31,379.95,382.759,378.8,379.38,379.38,12345350.0
2021-09-01,379.59,384.33,378.81,382.05,382.05,11567163.0
2021-09-02,381.5,381.75,374.06,375.28,375.28,14838274.0
2021-09-03,374.75,377.16,373.11,376.26,376.26,7511356.0
2021-09-07,375.88,382.96,373.15,382.18,382.18,10798920.0
2021-09-08,380.16,380.87,374.79,377.57,377.57,11067166.0
2021-09-09,377.64,379.83,376.565,378.0,378.0,9098941.0
2021-09-10,381.361,383.79,378.26,378.69,378.69,11549595.0
2021-09-13,381.68,381.75,374.3451,376.51,376.51,13026275.0
2021-09-14,377.4,378.59,375.11,376.53,376.53,8711569.0
2021-09-15,377.0,377.555,367.67,373.92,373.92,17940297.0
2021-09-16,372.79,373.56,369.71,373.06,373.06,11934217.0
2021-09-17,371.405,371.41,361.59,364.72,364.72,26298966.0
2021-09-20,359.3,361.03,349.8,355.7,355.7,19822772.0
2021-09-21,358.5,360.04,355.19,357.48,357.48,11751917.0
2021-09-22,347.23,349.84,340.6901,343.21,343.21,43692859.0
2021-09-23,345.355,349.67,343.0,345.96,345.96,21806264.0
2021-09-24,343.2387,354.35,342.37,352.96,352.96,18801933.0
2021-09-27,349.805,355.15,347.08,353.58,353.58,15205843.0
2021-09-28,347.97,349.6,338.92,340.65,340.65,21710286.0
2021-09-29,343.15,345.23,338.88,339.61,339.61,14452241.0
2021-09-30,340.445,342.8,338.15,339.39,339.39,16547094.0
2021-10-01,341.61,345.02,338.64,343.01,343.01,14905311.0
2021-10-04,335.53,335.94,322.7,326.23,326.23,42884975.0
2021-10-05,328.58,335.18,326.1638,332.96,332.96,35377947.0
2021-10-06,329.74,334.38,325.8,333.64,333.64,26443010.0
2021-10-07,337.0,338.84,328.98,329.22,329.22,28307456.0
2021-10-08,331.51,333.4,328.71,330.05,330.05,15946110.0
2021-10-11,327.625,330.46,325.31,325.45,325.45,14708224.0
2021-10-12,323.03,324.38,317.37,323.77,323.77,31658684.0
2021-10-13,326.97,327.0,322.66,324.54,324.54,14761470.0
2021-10-14,328.355,330.52,327.1,328.53,328.53,14302154.0
2021-10-15,328.68,329.07,322.51,324.76,324.76,21596370.0
2021-10-18,328.95,335.89,327.5,335.34,335.34,21585018.0
2021-10-19,339.645,342.46,337.28,339.99,339.99,18786316.0
2021-10-20,343.445,343.98,339.4531,340.78,340.78,13639465.0
2021-10-21,340.275,342.31,337.8,341.88,341.88,16354423.0
2021-10-22,326.345,329.63,321.11,324.61,324.61,35224543.0
2021-10-25,320.3,329.56,319.72,328.69,328.69,38408957.0
2021-10-26,328.26,330.2099,309.6,315.81,315.81,65654043.0
2021-10-27,314.19,319.25,312.06,312.22,312.22,29971761.0
2021-10-28,312.99,325.52,308.11,316.92,316.92,50806840.0
2021-10-29,320.19,325.9999,319.6,323.57,323.57,37059384.0
2021-11-01,326.04,333.45,326.0,329.98,329.98,31164440.0
2021-11-02,331.38,334.7895,323.8,328.08,328.08,28259036.0
2021-11-03,327.49,332.15,323.2,331.62,331.62,20786502.0
2021-11-04,334.0065,337.273,332.65,335.85,335.85,22495281.0
2021-11-05,340.31,346.79,339.64,341.13,341.13,26872817.0
2021-11-08,344.42,344.789,338.34,338.62,338.62,18342458.0
2021-11-09,340.0,341.3075,334.47,335.37,335.37,17469000.0
2021-11-10,332.49,333.19,325.51,327.64,327.64,21872605.0
2021-11-11,329.82,332.459,327.0,327.74,327.74,12376563.0
2021-11-12,330.18,341.86,329.78,340.89,340.89,25099642.0
2021-11-15,344.34,353.65,343.2,347.56,347.56,25076603.0
2021-11-16,343.83,346.65,340.87,342.96,342.96,18181106.0
2021-11-17,344.24,347.3,340.1,340.77,340.77,13602812.0
2021-11-18,339.72,342.46,335.3,338.69,338.69,17487235.0
2021-11-19,342.2,352.1,339.9,345.3,345.3,26488541.0
2021-11-22,349.05,353.83,340.51,341.01,341.01,27116811.0
2021-11-23,338.93,341.3999,333.5,337.25,337.25,17224986.0
2021-11-24,336.0,341.78,332.81,341.06,341.06,13566181.0
2021-11-26,335.795,337.75,331.902,333.12,333.12,14750737.0
2021-11-29,336.89,340.67,335.305,338.03,338.03,16650949.0
2021-11-30,335.0,335.81,323.43,324.46,324.46,25390008.0
2021-12-01,330.29,330.5,310.29,310.6,310.6,30384083.0
2021-12-02,311.4,314.6,307.2,310.39,310.39,24396169.0
2021-12-03,313.73,313.75,299.5,306.84,306.84,27471010.0
2021-12-06,308.13,320.1,306.34,317.87,317.87,21758340.0
2021-12-07,321.57,326.54,321.0,322.81,322.81,18794047.0
2021-12-08,325.0,332.75,323.07,330.56,330.56,19937722.0
2021-12-09,329.54,336.13,328.0,329.82,329.82,16879168.0
2021-12-10,332.555,335.03,326.37,329.75,329.75,14527969.0
2021-12-13,330.95,341.09,329.59,334.49,334.49,22948655.0
2021-12-14,328.05,335.7,327.65,333.74,333.74,20461024.0
2021-12-15,332.4935,342.11,323.98,341.66,341.66,24681326.0
2021-12-16,338.98,344.46,333.74,334.9,334.9,22635025.0
2021-12-17,332.795,337.11,330.75,333.79,333.79,40012637.0
2021-12-20,329.775,329.9,322.53,325.45,325.45,17901783.0
2021-12-21,326.41,336.0,323.75,334.2,334.2,16116784.0
2021-12-22,333.8003,334.51,328.26,330.45,330.45,16764566.0
2021-12-23,330.1,336.67,328.36,335.24,335.24,13987698.0
2021-12-27,338.845,347.87,338.01,346.18,346.18,17795026.0
2021-12-28,346.63,352.71,345.2,346.22,346.22,16637608.0
2021-12-29,346.91,349.6899,341.6401,342.94,342.94,10747009.0
2021-12-30,344.0,347.23,343.22,344.36,344.36,10593347.0
2021-12-31,343.015,343.44,336.27,336.35,336.35,12516527.0
2022-01-03,338.295,341.0816,337.19,338.54,338.54,14562849.0
2022-01-04,339.95,343.0854,331.8711,336.53,336.53,15997974.0
2022-01-05,333.02,335.76,323.84,324.17,324.17,20564521.0
2022-01-06,322.82,339.165,322.72,332.46,332.46,27962809.0
2022-01-07,332.74,337.0,328.8801,331.79,331.79,14722020.0
2022-01-10,325.31,328.34,315.43,328.07,328.07,24942383.0
2022-01-11,326.78,334.63,325.28,334.37,334.37,16191633.0
2022-01-12,335.18,336.365,330.03,333.26,333.26,14104858.0
2022-01-13,334.98,335.63,325.76,326.48,326.48,14797109.0
2022-01-14,321.79,332.73,321.21,331.9,331.9,16868497.0
2022-01-18,323.29,324.21,317.64,318.15,318.15,22352652.0
2022-01-19,319.5822,327.1,319.33,319.59,319.59,20563976.0
2022-01-20,323.9,327.82,315.98,316.56,316.56,16925030.0
2022-01-21,314.81,318.31,303.04,303.17,303.17,28710717.0
2022-01-24,297.84,309.53,289.01,308.71,308.71,38936901.0
2022-01-25,299.95,306.23,297.58,300.15,300.15,25108454.0
2022-01-26,307.01,307.51,290.85,294.63,294.63,28348801.0
2022-01-27,297.752,301.709,294.26,294.64,294.64,21629922.0
2022-01-28,295.6204,301.9,293.0333,301.71,301.71,21871620.0
2022-01-31,300.68,313.79,299.32,313.26,313.26,21579474.0
2022-02-01,314.555,319.6598,312.12,319.0,319.0,18023796.0
2022-02-02,327.82,328.0,316.8747,323.0,323.0,58458280.0
2022-02-03,244.645,248.0,235.745,237.76,237.76,188119925.0
2022-02-04,234.97,242.6099,230.11,237.09,237.09,89342247.0
2022-02-07,237.7,238.3,224.01,224.91,224.91,88613826.0
2022-02-08,220.85,225.77,216.15,220.18,220.18,94729672.0
2022-02-09,224.2,233.37,222.21,232.0,232.0,86563275.0
2022-02-10,228.27,235.0,226.7,228.07,228.07,49310356.0
2022-02-11,228.46,230.42,218.7701,219.55,219.55,46156943.0
2022-02-14,219.31,221.0,214.78,217.7,217.7,38184035.0
2022-02-15,220.47,221.15,215.06,221.0,221.0,42685473.0
2022-02-16,212.41,217.46,212.36,216.54,216.54,45817457.0
2022-02-17,214.02,217.5,207.1601,207.71,207.71,38747533.0
2022-02-18,209.39,210.75,205.18,206.16,206.16,37128438.0
2022-02-22,202.34,207.48,200.06,202.08,202.08,39703994.0
2022-02-23,204.16,206.94,198.05,198.45,198.45,44481359.0
2022-02-24,191.06,208.35,190.22,207.6,207.6,49957167.0
2022-02-25,204.94,211.32,203.18,210.48,210.48,37627551.0
2022-02-28,207.675,213.1508,206.83,211.03,211.03,34239803.0
2022-03-01,209.87,211.7517,202.22,203.49,203.49,27094902.0
2022-03-02,204.775,209.15,202.02,208.11,208.11,29452147.0
2022-03-03,209.015,209.08,201.42,202.97,202.97,27263524.0
2022-03-04,202.37,205.89,198.79,200.06,200.06,32146264.0
2022-03-07,200.79,200.89,187.28,187.47,187.47,38560609.0
2022-03-08,187.85,196.7,186.11,190.29,190.29,37508149.0
2022-03-09,195.74,199.1,193.92,198.5,198.5,31894695.0
2022-03-10,194.84,196.28,191.068,195.21,195.21,24852975.0
2022-03-11,192.635,193.56,186.67,187.61,187.61,34694534.0
2022-03-14,187.03,192.29,185.82,186.63,186.63,31010462.0
2022-03-15,190.8,192.28,185.911,192.03,192.03,31721682.0
2022-03-16,194.7,203.73,194.52,203.63,203.63,40640264.0
2022-03-17,201.7,208.04,201.11,207.84,207.84,29499681.0
2022-03-18,206.7,216.8,206.0,216.49,216.49,51235040.0
2022-03-21,214.5,214.71,207.63,211.49,211.49,29072837.0
2022-03-22,211.37,219.46,210.18,216.65,216.65,31794933.0
2022-03-23,213.33,216.7988,212.16,213.46,213.46,23717321.0
2022-03-24,215.0,220.67,214.79,219.57,219.57,31502314.0
2022-03-25,220.51,225.5,218.8901,221.82,221.82,39854786.0
2022-03-28,222.13,224.04,219.54,223.59,223.59,26224141.0
2022-03-29,226.07,230.89,225.29,229.86,229.86,31417857.0
2022-03-30,228.91,231.151,226.71,227.85,227.85,25588046.0
2022-03-31,228.45,228.49,222.26,222.36,222.36,24192266.0
2022-04-01,224.55,227.28,222.7,224.85,224.85,19544758.0
2022-04-04,225.98,234.351,225.86,233.89,233.89,28100826.0
2022-04-05,234.08,236.86,231.02,231.84,231.84,29525086.0
2022-04-06,226.91,228.9899,221.405,223.3,223.3,28995080.0
2022-04-07,223.93,225.52,218.56,222.95,222.95,21037187.0
2022-04-08,222.38,225.13,220.0283,222.33,222.33,18375711.0
2022-04-11,218.42,220.61,215.2198,216.46,216.46,20516586.0
2022-04-12,220.235,222.03,213.13,214.14,214.14,20128827.0
2022-04-13,211.82,216.61,211.33,214.99,214.99,19231816.0
2022-04-14,214.89,214.99,210.0,210.18,210.18,18379455.0
2022-04-18,210.0,213.38,208.3,210.77,210.77,16580792.0
2022-04-19,210.52,218.4299,209.0,217.31,217.31,20089871.0
2022-04-20,213.605,214.16,198.92,200.42,200.42,42859593.0
2022-04-21,201.6,202.965,185.58,188.07,188.07,49954078.0
2022-04-22,190.37,192.72,183.27,184.11,184.11,36426769.0
2022-04-25,182.73,187.18,181.655,186.99,186.99,29281060.0
2022-04-26,186.63,187.185,179.5,180.95,180.95,30872853.0
2022-04-27,174.43,181.2099,169.0,174.95,174.95,71062886.0
2022-04-28,202.92,208.53,192.9,205.73,205.73,100890551.0
2022-04-29,204.46,212.48,199.9,200.47,200.47,49193434.0
2022-05-02,201.165,211.88,200.99,211.13,211.13,49915289.0
2022-05-03,210.45,214.8999,208.09,212.03,212.03,41556267.0
2022-05-04,210.65,224.3,206.96,223.41,223.41,41197345.0
2022-05-05,218.74,220.17,206.16,208.28,208.28,41129192.0
2022-05-06,207.34,209.38,201.02,203.77,203.77,34747158.0
2022-05-09,199.84,202.57,195.58,196.21,196.21,36303200.0
2022-05-10,199.51,202.96,194.19,197.65,197.65,34452491.0
2022-05-11,196.325,200.6742,188.27,188.74,188.74,31153383.0
2022-05-12,187.055,198.05,184.78,191.24,191.24,38262226.0
2022-05-13,192.58,199.89,191.28,198.62,198.62,24549844.0
2022-05-16,197.05,205.37,195.93,200.04,200.04,27112595.0
2022-05-17,202.115,205.46,198.36,202.62,202.62,24872729.0
2022-05-18,200.0,201.0,191.63,192.24,192.24,23959966.0
2022-05-19,191.2,195.29,189.6,191.29,191.29,24446938.0
2022-05-20,194.97,197.91,187.87,193.54,193.54,31465570.0
2022-05-23,195.19,196.9924,191.24,196.23,196.23,25059161.0
2022-05-24,180.55,183.6759,176.11,181.28,181.28,50406273.0
2022-05-25,180.4,185.45,179.32,183.83,183.83,28030194.0
2022-05-26,182.878,192.8301,182.26,191.63,191.63,23056455.0
2022-05-27,191.36,195.3329,189.8,195.13,195.13,22562727.0
2022-05-31,194.885,197.6,192.01,193.64,193.64,26131103.0
2022-06-01,196.51,199.53,185.0,188.64,188.64,36623495.0
2022-06-02,188.45,200.935,187.73,198.86,198.86,31951582.0
2022-06-03,195.98,196.61,189.78,190.78,190.78,19464993.0
2022-06-06,193.99,196.92,188.4,194.25,194.25,30574242.0
2022-06-07,191.93,196.53,191.49,195.65,195.65,18828687.0
2022-06-08,194.67,202.03,194.41,196.64,196.64,22267154.0
2022-06-09,194.28,199.45,183.68,184.0,184.0,23501579.0
2022-06-10,183.04,183.1,175.02,175.57,175.57,27478354.0
2022-06-13,170.59,172.575,164.03,164.26,164.26,31749304.0
2022-06-14,166.03,166.75,161.3601,163.73,163.73,27244274.0
2022-06-15,167.2,172.16,163.975,169.35,169.35,30008251.0
2022-06-16,163.72,165.08,159.61,160.87,160.87,26944143.0
2022-06-17,161.68,165.9,159.9,163.74,163.74,31374215.0
2022-06-21,165.93,167.76,155.97,157.05,157.05,50724899.0
2022-06-22,158.38,160.79,155.44,155.85,155.85,47596820.0
2022-06-23,156.27,159.75,154.25,158.75,158.75,40499198.0
2022-06-24,161.725,170.25,161.3,170.16,170.16,68736009.0
2022-06-27,171.32,171.75,168.01,169.49,169.49,29174559.0
2022-06-28,169.9,171.3,160.61,160.68,160.68,27788725.0
2022-06-29,163.57,166.33,160.32,163.94,163.94,28595236.0
2022-06-30,162.15,165.23,158.49,161.25,161.25,35250605.0
2022-07-01,160.31,160.62,155.0,160.03,160.03,31423933.0
2022-07-05,158.14,168.25,157.02,168.19,168.19,28664799.0
2022-07-06,168.2,171.59,165.46,169.77,169.77,23085921.0
2022-07-07,169.45,172.72,167.78,172.19,172.19,24083368.0
2022-07-08,169.98,172.4,168.1501,170.88,170.88,19249243.0
2022-07-11,167.065,167.49,161.91,162.88,162.88,21905133.0
2022-07-12,164.8,165.9107,162.1,163.27,163.27,16639659.0
2022-07-13,160.16,164.98,159.6127,163.49,163.49,16555138.0
2022-07-14,161.22,162.59,157.2801,158.05,158.05,23765168.0
2022-07-15,160.54,164.98,159.82,164.7,164.7,23342807.0
2022-07-18,166.75,171.685,165.64,167.23,167.23,23574337.0
2022-07-19,170.37,176.49,169.51,175.78,175.78,25933679.0
2022-07-20,177.485,183.6,176.7,183.09,183.09,24784274.0
2022-07-21,180.63,183.85,178.87,183.17,183.17,27195815.0
2022-07-22,173.07,175.5995,168.41,169.27,169.27,42583916.0
2022-07-25,169.0,170.57,164.805,166.65,166.65,26166326.0
2022-07-26,165.94,166.0,157.95,159.15,159.15,28468424.0
2022-07-27,162.59,170.87,162.02,169.58,169.58,43846557.0
2022-07-28,161.06,161.51,154.85,160.72,160.72,73214326.0
2022-07-29,157.69,160.14,155.17,159.1,159.1,42065395.0
2022-08-01,157.25,165.19,155.2301,159.93,159.93,40596702.0
2022-08-02,158.31,162.24,158.01,160.19,160.19,27374516.0
2022-08-03,162.69,169.54,161.57,168.8,168.8,31717527.0
2022-08-04,168.295,172.15,166.8,170.57,170.57,23938212.0
2022-08-05,166.99,171.612,165.8,167.11,167.11,25832701.0
2022-08-08,168.0,177.51,167.13,170.25,170.25,27299113.0
2022-08-09,168.95,169.53,166.6,168.53,168.53,18655056.0
2022-08-10,175.99,180.48,173.95,178.34,178.34,30262132.0
2022-08-11,179.71,183.1,176.37,177.49,177.49,24079062.0
2022-08-12,180.81,181.4572,178.911,180.5,180.5,21274046.0
2022-08-15,178.96,181.44,178.2,180.89,180.89,15878671.0
2022-08-16,179.44,180.99,177.035,179.47,179.47,21156710.0
2022-08-17,176.76,178.14,174.17,174.85,174.85,20118133.0
2022-08-18,174.34,175.76,171.86,174.66,174.66,18844451.0
2022-08-19,170.2,172.32,167.05,167.96,167.96,26240799.0
2022-08-22,165.49,165.49,162.26,163.05,163.05,19499711.0
2022-08-23,162.48,165.05,160.7,161.11,161.11,18111777.0
2022-08-24,160.6,165.46,159.77,163.26,163.26,20891481.0
2022-08-25,165.18,168.88,164.02,168.78,168.78,15550514.0
2022-08-26,168.48,170.92,161.6726,161.78,161.78,24023633.0
2022-08-29,160.655,163.05,159.01,159.17,159.17,19771863.0
2022-08-30,160.355,161.66,155.91,157.16,157.16,19567948.0
2022-08-31,167.07,167.84,162.14,162.93,162.93,40952975.0
2022-09-01,163.58,167.3599,160.345,165.36,165.36,30145683.0
2022-09-02,167.45,167.93,159.22,160.32,160.32,22634191.0
2022-09-06,160.1,161.69,157.69,158.54,158.54,19282598.0
2022-09-07,157.76,160.955,156.81,160.39,160.39,16831182.0
2022-09-08,158.71,162.23,157.74,162.06,162.06,22530785.0
2022-09-09,163.248,169.54,163.02,169.15,169.15,22129802.0
2022-09-12,167.39,171.39,167.28,168.96,168.96,23220405.0
2022-09-13,161.54,161.63,152.67,153.13,153.13,44444061.0
2022-09-14,153.33,153.54,149.05,151.47,151.47,43064195.0
2022-09-15,149.8,154.1984,148.7,149.55,149.55,34606348.0
2022-09-16,148.05,148.58,144.2935,146.29,146.29,40122824.0
2022-09-19,145.235,148.58,145.1,148.02,148.02,22169477.0
2022-09-20,145.775,148.84,145.22,146.09,146.09,23217350.0
2022-09-21,146.39,149.6,142.0,142.12,142.12,38338614.0
2022-09-22,141.55,144.58,140.87,142.82,142.82,34162531.0
2022-09-23,141.42,142.62,138.89,140.41,140.41,31710685.0
2022-09-26,140.12,142.24,136.19,136.37,136.37,30497021.0
2022-09-27,137.92,139.42,134.1201,134.4,134.4,30826471.0
2022-09-28,134.62,142.03,134.27,141.61,141.61,32658478.0
2022-09-29,139.36,139.84,135.2,136.41,136.41,38985414.0
2022-09-30,136.05,140.99,135.5,135.68,135.68,33166393.0
2022-10-03,137.14,139.62,136.1,138.61,138.61,27723063.0
2022-10-04,140.49,142.3901,139.34,140.28,140.28,34670729.0
2022-10-05,138.24,140.21,134.78,138.98,138.98,27979348.0
2022-10-06,137.715,141.45,136.6,139.07,139.07,36231056.0
2022-10-07,136.76,138.29,132.44,133.45,133.45,33214773.0
2022-10-10,133.55,136.11,131.87,133.79,133.79,24023982.0
2022-10-11,131.62,132.66,126.99,128.54,128.54,38481403.0
2022-10-12,128.32,129.67,126.25,127.5,127.5,34605245.0
2022-10-13,123.53,131.14,122.5301,130.29,130.29,34325715.0
2022-10-14,131.0,131.79,126.52,126.76,126.76,23559407.0
2022-10-17,130.3,134.79,130.18,134.04,134.04,29612245.0
2022-10-18,137.085,137.8399,131.4,132.8,132.8,25444979.0
2022-10-19,132.89,137.0,132.22,133.23,133.23,30691047.0
2022-10-20,132.93,136.77,131.31,131.53,131.53,26356276.0
2022-10-21,126.31,130.12,125.44,130.01,130.01,46348647.0
2022-10-24,127.25,133.48,124.57,129.72,129.72,63563447.0
2022-10-25,130.875,138.35,130.59,137.51,137.51,38433219.0
2022-10-26,131.68,135.55,128.53,129.82,129.82,89294679.0
2022-10-27,97.975,102.5,96.38,97.94,97.94,232316571.0
2022-10-28,99.58,100.85,97.51,99.2,99.2,95928306.0
2022-10-31,98.22,99.32,92.6,93.16,93.16,121361444.0
2022-11-01,94.33,97.49,93.55,95.2,95.2,110189617.0
2022-11-02,94.205,95.2,90.48,90.54,90.54,71821058.0
2022-11-03,90.08,90.4576,88.41,88.91,88.91,60664012.0
2022-11-04,90.35,91.39,88.09,90.79,90.79,55638061.0
2022-11-07,94.78,96.88,93.1,96.72,96.72,81987295.0
2022-11-08,95.92,97.8,94.79,96.47,96.47,52088320.0
2022-11-09,101.72,104.9,100.74,101.47,101.47,107677284.0
2022-11-10,107.12,112.75,104.61,111.87,111.87,80670961.0
2022-11-11,109.23,114.9,108.81,113.02,113.02,59961742.0
2022-11-14,110.99,116.27,110.8,114.22,114.22,53394974.0
2022-11-15,116.07,118.74,114.4116,117.08,117.08,50670499.0
2022-11-16,114.5,116.075,112.66,113.23,113.23,33287773.0
2022-11-17,110.41,112.33,109.8,111.45,111.45,35093822.0
2022-11-18,113.8,114.32,110.62,112.05,112.05,33357707.0
2022-11-21,111.52,112.3699,109.19,109.86,109.86,24351074.0
2022-11-22,109.86,111.62,108.3216,111.44,111.44,29028963.0
2022-11-23,111.72,112.67,110.73,112.24,112.24,21343083.0
2022-11-25,111.3,112.73,111.02,111.41,111.41,12007566.0
2022-11-28,110.78,112.04,108.38,108.78,108.78,23332816.0
2022-11-29,109.54,110.94,108.5437,109.46,109.46,23899238.0
2022-11-30,109.505,118.16,109.38,118.1,118.1,43348557.0
2022-12-01,119.198,121.2,118.4,120.44,120.44,36551374.0
2022-12-02,117.83,124.04,117.61,123.49,123.49,39950464.0
2022-12-05,121.75,124.67,121.35,122.43,122.43,35474884.0
2022-12-06,119.91,120.55,113.74,114.12,114.12,43689183.0
2022-12-07,113.76,115.88,112.88,113.93,113.93,29461137.0
2022-12-08,116.39,117.34,114.59,115.33,115.33,30619418.0
2022-12-09,115.3,117.54,113.87,115.9,115.9,26033353.0
2022-12-12,115.18,115.72,113.14,114.71,114.71,24747064.0
2022-12-13,122.13,123.3,118.64,120.15,120.15,44701054.0
2022-12-14,119.39,124.14,119.39,121.59,121.59,36922037.0
2022-12-15,118.33,118.625,114.01,116.15,116.15,34530970.0
2022-12-16,120.23,123.31,118.8214,119.43,119.43,67064001.0
2022-12-19,116.83,117.8,114.331,114.48,114.48,29769875.0
2022-12-20,113.26,117.33,112.46,117.09,117.09,28742501.0
2022-12-21,116.7,120.34,115.62,119.76,119.76,20392799.0
2022-12-22,117.2,118.62,114.38,117.12,117.12,23618121.0
2022-12-23,116.03,118.175,115.535,118.04,118.04,17796625.0
2022-12-27,117.93,118.6,116.0501,116.88,116.88,21392311.0
2022-12-28,116.25,118.15,115.51,115.62,115.62,19612473.0
2022-12-29,116.4,121.03,115.77,120.26,120.26,22366192.0
2022-12-30,118.16,120.42,117.74,120.34,120.34,19583825.0
2023-01-03,122.82,126.37,122.28,124.74,124.74,35528531.0
2023-01-04,127.38,129.0498,125.85,127.37,127.37,32397094.0
2023-01-05,126.125,128.52,124.54,126.94,126.94,25447099.0
2023-01-06,128.97,130.33,126.04,130.02,130.02,27584498.0
2023-01-09,131.16,132.95,129.28,129.47,129.47,26649145.0
2023-01-10,127.27,133.44,127.15,132.99,132.99,28684431.0
2023-01-11,130.96,133.8494,130.34,132.89,132.89,25423046.0
2023-01-12,133.44,137.6781,131.76,136.71,136.71,30757732.0
2023-01-13,134.97,137.39,134.835,136.98,136.98,22423839.0
2023-01-17,136.176,136.75,134.25,135.36,135.36,21147587.0
2023-01-18,135.81,137.25,132.8,133.02,133.02,20215486.0
2023-01-19,132.49,137.45,132.14,136.15,136.15,28625232.0
2023-01-20,135.89,139.94,134.61,139.37,139.37,28688630.0
2023-01-23,139.29,143.76,138.66,143.27,143.27,27470093.0
2023-01-24,141.69,145.0,141.36,143.14,143.14,21970190.0
2023-01-25,141.22,143.17,140.31,141.5,141.5,26622021.0
2023-01-26,144.4,147.51,143.3,147.3,147.3,25482084.0
2023-01-27,148.237,153.19,147.39,151.74,151.74,35771865.0
2023-01-30,149.405,151.1233,146.95,147.06,147.06,28040100.0
2023-01-31,147.95,149.88,147.52,148.97,148.97,29842109.0
2023-02-01,148.03,153.58,147.06,153.12,153.12,55661017.0
2023-02-02,183.38,197.16,180.16,188.77,188.77,150475687.0
2023-02-03,183.465,196.77,182.89,186.53,186.53,76809701.0
2023-02-06,186.53,190.7,185.5156,186.06,186.06,42483811.0
2023-02-07,185.575,193.7799,184.4,191.62,191.62,47080662.0
2023-02-08,190.0,190.83,182.92,183.43,183.43,36139074.0
2023-02-09,186.13,186.65,177.27,177.92,177.92,37118811.0
2023-02-10,176.3534,178.89,173.35,174.15,174.15,33433567.0
2023-02-13,178.215,181.0,175.82,179.43,179.43,31463223.0
2023-02-14,177.16,181.5064,175.88,179.48,179.48,24034631.0
2023-02-15,176.415,178.19,175.33,177.16,177.16,25337966.0
2023-02-16,172.75,175.85,171.79,172.44,172.44,25827473.0
2023-02-17,170.22,173.18,169.7,172.88,172.88,24171260.0
2023-02-21,174.31,178.17,171.88,172.08,172.08,34592582.0
2023-02-22,171.07,172.755,169.69,171.12,171.12,22433158.0
2023-02-23,172.0,173.69,169.38,172.04,172.04,20017779.0
2023-02-24,168.64,170.72,167.66,170.39,170.39,19791334.0
2023-02-27,171.875,173.12,169.06,169.54,169.54,19277002.0
2023-02-28,171.9,177.55,171.87,174.94,174.94,46051117.0
2023-03-01,174.59,177.85,173.05,173.42,173.42,30998380.0
2023-03-02,172.38,175.01,171.43,174.53,174.53,17360708.0
2023-03-03,178.92,186.62,177.05,185.25,185.25,45877692.0
2023-03-06,188.0,189.66,184.64,184.9,184.9,33209394.0
2023-03-07,189.0,190.36,184.01,184.51,184.51,36701495.0
2023-03-08,182.87,185.26,181.34,184.97,184.97,19432405.0
2023-03-09,186.35,188.93,180.3,181.69,181.69,26582750.0
2023-03-10,181.01,184.77,178.8,179.51,179.51,25665032.0
2023-03-13,177.96,183.78,174.82,180.9,180.9,24727969.0
2023-03-14,187.58,194.32,186.56,194.02,194.02,41642627.0
2023-03-15,192.95,197.78,190.8351,197.75,197.75,42123552.0
2023-03-16,198.26,205.76,196.0886,204.93,204.93,50819659.0
2023-03-17,200.56,201.9,195.4304,195.61,195.61,50141098.0
2023-03-20,198.48,199.36,193.64,197.81,197.81,25186315.0
2023-03-21,203.2,203.55,197.95,202.16,202.16,31826952.0
2023-03-22,202.5,207.37,199.67,199.81,199.81,28477759.0
2023-03-23,202.84,207.88,202.15,204.28,204.28,27389669.0
2023-03-24,205.18,207.58,203.55,206.01,206.01,27733042.0
2023-03-27,204.81,205.86,201.36,202.84,202.84,18527184.0
2023-03-28,200.15,201.03,197.9,200.68,200.68,19127295.0
2023-03-29,203.56,205.72,202.5355,205.35,205.35,18851137.0
2023-03-30,203.38,208.09,202.82,207.84,207.84,22608303.0
2023-03-31,207.24,212.17,206.77,211.94,211.94,25440273.0
2023-04-03,208.84,213.4861,208.2,213.07,213.07,17924613.0
2023-04-04,213.39,216.24,212.54,214.72,214.72,21026367.0
2023-04-05,214.15,215.19,209.94,211.48,211.48,19396630.0
2023-04-06,209.25,216.94,208.65,216.1,216.1,26104411.0
2023-04-10,214.71,215.66,210.66,214.75,214.75,16106074.0
2023-04-11,215.48,216.02,213.41,213.85,213.85,16710101.0
2023-04-12,214.835,216.84,212.584,214.0,214.0,18972172.0
2023-04-13,215.73,221.15,215.69,220.35,220.35,23310357.0
2023-04-14,217.88,222.11,217.55,221.49,221.49,21591207.0
2023-04-17,219.79,220.979,217.13,218.86,218.86,15411724.0
2023-04-18,219.91,220.44,216.21,217.89,217.89,12280984.0
2023-04-19,213.472,217.33,212.93,215.7,215.7,15898078.0
2023-04-20,213.48,216.75,212.77,213.07,213.07,16475443.0
2023-04-21,210.21,213.41,209.58,212.89,212.89,17717166.0
2023-04-24,213.675,213.92,210.71,212.79,212.79,15750920.0
2023-04-25,210.815,211.26,207.13,207.55,207.55,19198175.0
2023-04-26,212.5,214.11,208.88,209.4,209.4,35185227.0
2023-04-27,239.89,241.685,236.77,238.56,238.56,71196531.0
2023-04-28,239.01,240.43,235.75,240.32,240.32,39554036.0
2023-05-01,238.615,244.0,236.46,243.18,243.18,29143912.0
2023-05-02,243.18,244.92,238.99,239.24,239.24,24350149.0
2023-05-03,239.47,241.75,232.75,237.03,237.03,34463859.0
2023-05-04,236.06,238.2,232.9264,233.52,233.52,17889391.0
2023-05-05,232.24,234.68,229.85,232.78,232.78,27000480.0
2023-05-08,231.415,235.62,230.27,233.27,233.27,16400526.0
2023-05-09,231.46,235.88,231.08,233.37,233.37,16865587.0
2023-05-10,236.17,236.75,230.72,233.08,233.08,19119007.0
2023-05-11,233.05,238.21,232.3,235.79,235.79,20448991.0
2023-05-12,236.74,236.9599,231.45,233.81,233.81,16161447.0
2023-05-15,236.92,240.255,235.33,238.86,238.86,20653229.0
2023-05-16,235.79,239.635,235.52,238.82,238.82,18163772.0
2023-05-17,238.45,243.8423,238.14,242.485,242.485,21193080.0
2023-05-18,241.3,247.0881,241.19,246.85,246.85,22943297.0
2023-05-19,247.47,248.69,243.41,245.64,245.64,21733581.0
2023-05-22,245.41,253.57,245.12,248.32,248.32,27738479.0
2023-05-23,246.81,251.61,246.65,246.74,246.74,17748115.0
2023-05-24,245.28,249.5892,244.952,249.21,249.21,17724338.0
2023-05-25,253.4,255.62,249.17,252.69,252.69,22371435.0
2023-05-26,252.93,262.3107,252.71,262.04,262.04,25768663.0
2023-05-30,265.25,268.65,261.29,262.52,262.52,23816483.0
2023-05-31,260.0,265.0,258.45,264.72,264.72,25361238.0
2023-06-01,265.9,274.0,265.89,272.61,272.61,25609508.0
2023-06-02,272.66,275.35,271.12,272.61,272.61,19416930.0
2023-06-05,270.3,275.57,269.56,271.39,271.39,20742946.0
2023-06-06,270.14,276.57,269.69,271.12,271.12,19419010.0
2023-06-07,271.67,274.25,262.8,263.6,263.6,26163627.0
2023-06-08,260.62,267.65,258.88,264.58,264.58,20899359.0
2023-06-09,262.48,267.949,261.7,264.95,264.95,16949794.0
